{
    "Logistic Regression": {
        "precision": 0.11395027624309392,
        "recall": 0.7061340941512125,
        "f1": 0.1962338949454906,
        "roc_auc": 0.8355792434900782,
        "pr_auc": 0.3290318992326321
    },
    "Random Forest": {
        "precision": 0.9106382978723404,
        "recall": 0.30527817403708984,
        "f1": 0.45726495726495725,
        "roc_auc": 0.9006752845029353,
        "pr_auc": 0.6122786243040936
    },
    "XGBoost": {
        "precision": 0.26485013623978204,
        "recall": 0.6932952924393724,
        "f1": 0.3832807570977918,
        "roc_auc": 0.9035304579800105,
        "pr_auc": 0.5630259926948064
    },
    "LightGBM": {
        "precision": 0.23404255319148937,
        "recall": 0.7218259629101283,
        "f1": 0.3534753754802655,
        "roc_auc": 0.9030745452273062,
        "pr_auc": 0.5670332472881705
    },
    "CatBoost": {
        "precision": 0.20092915214866433,
        "recall": 0.7403708987161198,
        "f1": 0.3160779537149817,
        "roc_auc": 0.8980050334068711,
        "pr_auc": 0.528930893404815
    },
    "LightGBM (Tuned)": {
        "precision": 0.8706199460916442,
        "recall": 0.4607703281027104,
        "f1": 0.6026119402985075,
        "roc_auc": 0.9178738419901078,
        "pr_auc": 0.6460574202100302
    },
    "PyTorch MLP": {
        "precision": 0.1949579831932773,
        "recall": 0.4964336661911555,
        "f1": 0.27996781979082863,
        "roc_auc": 0.8078649439863308,
        "pr_auc": 0.305385529382766
    },
    "Isolation Forest": {
        "precision": 0.14244604316546763,
        "recall": 0.14122681883024252,
        "f1": 0.14183381088825214,
        "roc_auc": 0.7140839826988926,
        "pr_auc": 0.09424374414291273
    },
    "Autoencoder": {
        "precision": 0.11888111888111888,
        "recall": 0.16975748930099857,
        "f1": 0.1398354876615746,
        "roc_auc": 0.7010732667351615,
        "pr_auc": 0.09169950134104364
    }
}